"Accuracy","Precision","Recall","Specificity","F1_Score","AUC"
0.991666666666667,0.996,0.988095238095238,0.995614035087719,0.99203187250996,0.997876636034531
